{"PROFILES": [{"PROFILE_CODE":"PR_BOOK_MASTER","PROFILE_DESC":"Book Master Profile","PROFILE_TYPE":"MAIN","PROFILE_CONTENT":"<div class='Profile' style='position: relative;height:100%;width:100%'><div id='concg0002c001' ng-controller ='concg0002c001' ng-keydown='KEY_DOWN($event)' ng-keyup='KEY_UP($event)' tabindex='0' class='Profile-container' style='top: 0%; height: 16.6667%; left: 0%; width: 66.6666%;'><dircg0002c001 ></dircg0002c001></div><div id='concg0002c003' ng-controller ='concg0002c003' ng-keydown='KEY_DOWN($event)' ng-keyup='KEY_UP($event)' tabindex='0' class='Profile-container' style='top: 16.6667%; height: 83.33349999999999%; left: 0%; width: 66.6666%;'><dircg0002c003 ></dircg0002c003></div><div id='concg0002c002' ng-controller ='concg0002c002' ng-keydown='KEY_DOWN($event)' ng-keyup='KEY_UP($event)' tabindex='0' class='Profile-container' style='top: 0%; height: 100.00019999999999%; left: 66.6666%; width: 33.3333%;'><dircg0002c002 ></dircg0002c002></div><div ng-controller ='dpsinit' style='display:None'></div><div  ng-controller ='dpsraise' style='display:None'></div><div ng-controller ='dsinfo' style='display:None'></div><div ng-controller ='actions' style='display:None'></div></div>","PROFILE_UICGCS" : [{ "UICGC_CODE" : "UICGC_1","LEFT" : "0%", "TOP" : "0%", "HEIGHT" : "16.6667%", "WIDTH" : "66.6666%", "CONTROLLER_ID" : "concg0002c001" },{ "UICGC_CODE" : "UICGC_3","LEFT" : "0%", "TOP" : "16.6667%", "HEIGHT" : "83.33349999999999%", "WIDTH" : "66.6666%", "CONTROLLER_ID" : "concg0002c003" },{ "UICGC_CODE" : "UICGC_2","LEFT" : "66.6666%", "TOP" : "0%", "HEIGHT" : "100.00019999999999%", "WIDTH" : "33.3333%", "CONTROLLER_ID" : "concg0002c002" }] }]}