{"PROFILES": [{"PROFILE_CODE":"PR1","PROFILE_DESC":"Main Profile","PROFILE_TYPE":"MAIN","PROFILE_CONTENT":"<div class='Profile' style='position: relative;height:100%;width:100%'><div id='concg0002c001' ng-controller ='concg0002c001' ng-keydown='KEY_DOWN($event)' ng-keyup='KEY_UP($event)' tabindex='0' class='Profile-container' style='top: 10%; height: 80%; left: 20%; width: 60%;'><dircg0002c001 ></dircg0002c001></div><div ng-controller ='dpsinit' style='display:None'></div><div  ng-controller ='dpsraise' style='display:None'></div><div ng-controller ='dsinfo' style='display:None'></div><div ng-controller ='actions' style='display:None'></div></div>","PROFILE_UICGCS" : [{ "UICGC_CODE" : "UICGC_1","LEFT" : "20%", "TOP" : "10%", "HEIGHT" : "80%", "WIDTH" : "60%", "CONTROLLER_ID" : "concg0002c001" }] }]}