{"PROFILES": [{"PROFILE_CODE":"PR_BOOK_MASTER","PROFILE_DESC":"Book Master Profile","PROFILE_TYPE":"MAIN","PROFILE_CONTENT":"<div class='Profile' style='position: relative;height:100%;width:100%'><div id='concg0002c001' ng-controller ='concg0002c001' ng-keydown='KEY_DOWN($event)' ng-keyup='KEY_UP($event)' tabindex='0' class='Profile-container' style='top: 0%; height: 20%; left: 0%; width: 100%;'><dircg0002c001 ></dircg0002c001></div><div id='concg0002c003' ng-controller ='concg0002c003' ng-keydown='KEY_DOWN($event)' ng-keyup='KEY_UP($event)' tabindex='0' class='Profile-container' style='top: 12.5%; height: 75%; left: 0%; width: 100%;'><dircg0002c003 ></dircg0002c003></div><div id='concg0002c002' ng-controller ='concg0002c002' ng-keydown='KEY_DOWN($event)' ng-keyup='KEY_UP($event)' tabindex='0' class='Profile-container' style='top: 87.5%; height: 12.5%; left: 0%; width: 100%;'><dircg0002c002 ></dircg0002c002></div><div ng-controller ='dpsinit' style='display:None'></div><div  ng-controller ='dpsraise' style='display:None'></div><div ng-controller ='dsinfo' style='display:None'></div><div ng-controller ='actions' style='display:None'></div></div>","PROFILE_UICGCS" : [{ "UICGC_CODE" : "UICGC_1","LEFT" : "0%", "TOP" : "0%", "HEIGHT" : "20%", "WIDTH" : "100%", "CONTROLLER_ID" : "concg0002c001" },{ "UICGC_CODE" : "UICGC_3","LEFT" : "0%", "TOP" : "12.5%", "HEIGHT" : "75%", "WIDTH" : "100%", "CONTROLLER_ID" : "concg0002c003" },{ "UICGC_CODE" : "UICGC_2","LEFT" : "0%", "TOP" : "87.5%", "HEIGHT" : "12.5%", "WIDTH" : "100%", "CONTROLLER_ID" : "concg0002c002" }] }]}